{"epoch": 5, "loss": 4.409838676452637, "_timestamp": 1726185005.8692718, "_runtime": 6572.267046689987, "_step": 2840, "eor_accuracy_1km": 0.0, "eor_accuracy_25km": 0.015570934256055362, "eor_accuracy_200km": 0.16782006920415224, "eor_accuracy_750km": 0.745674740484429, "eor_accuracy_2500km": 0.9342560553633218, "eor_probability_50%": 0.03104325197637081, "eor_probability_min": 0.0013871184783056378, "eor_probability_max": 0.6473774313926697, "gsv_accuracy_1km": 0.7633044554455446, "gsv_accuracy_25km": 0.9328589108910891, "gsv_accuracy_200km": 0.9337871287128713, "gsv_accuracy_750km": 0.943069306930693, "gsv_accuracy_2500km": 0.9885519801980198, "gsv_probability_50%": 0.006672881077975035, "gsv_probability_min": 0.0013598402729257941, "gsv_probability_max": 0.10811294615268707}