{"epoch": 9, "loss": 0.4348582327365875, "_timestamp": 1726127560.799773, "_runtime": 6588.198119878769, "_step": 4769, "_wandb": {"runtime": 6588}}