{"epoch": 0, "loss": 1.911241888999939, "_timestamp": 1726809782.524876, "_runtime": 658.4884741306305, "_step": 476, "_wandb": {"runtime": 660}}