{"epoch": 0, "loss": 1.6579324007034302, "_timestamp": 1726814671.1842318, "_runtime": 655.9213306903839, "_step": 476}