{"epoch": 9, "loss": 0.42720910906791687, "_timestamp": 1725504262.0953734, "_runtime": 6519.793004274368, "_step": 4769, "_wandb": {"runtime": 6512}}