{"epoch":0,"eor_probability_50%":0.006181834731251001,"_runtime":737.496332817,"eor_accuracy_2500km":1,"eor_accuracy_25km":0.2629757785467128,"eor_accuracy_200km":0.5346020761245674,"loss":1.5859640836715698,"_step":477,"eor_probability_min":0.0008153205271810293,"eor_probability_max":0.04050725698471069,"_timestamp":1.7268166848553057e+09,"_wandb":{"runtime":740},"eor_accuracy_1km":0.050173010380622836,"eor_accuracy_750km":0.9740484429065744}