{"epoch": 9, "loss": 0.7778164744377136, "_timestamp": 1724899685.061006, "_runtime": 8610.66855597496, "_step": 6199, "_wandb": {"runtime": 8608}}