{"_wandb":{"runtime":6225},"_runtime":6225.611216065,"_step":3231,"epoch":7,"loss":5.145649433135986,"_timestamp":1.726829690945003e+09}