{"epoch": 0, "loss": 7.281315803527832, "_timestamp": 1726811437.957528, "_runtime": 330.0322802066803, "_step": 237}