{"epoch": 0, "loss": 1.649654507637024, "_timestamp": 1726811764.9073665, "_runtime": 656.9821186065674, "_step": 476, "_wandb": {"runtime": 1226}}