{"epoch": 0, "loss": 1.187225103378296, "_timestamp": 1726812997.5486999, "_runtime": 657.1018779277802, "_step": 476, "_wandb": {"runtime": 659}}