{"loss":0.4693242013454437,"_timestamp":1.7268248607467546e+09,"_runtime":5973.125092047,"_step":3815,"_wandb":{"runtime":5973},"epoch":7}